clip_idx,video_id,category,tier,gt,description,provider,model,q_idx,score,label,evidence_quote,grade_rationale
0,Q76JRCyTnSc_000007_000017,Food & Cooking,tier0_cross,0,"At night, a skier navigates a snowy hill, weaving between flexible poles in a slalom course. The skier moves swiftly, alternating left and right, purposefully making contact with each pole as they descend the slope.",anthropic,claude-haiku-4-5-20251001,0,0.0,no,,"Cross-category description about skiing, not food/cooking."
0,Q76JRCyTnSc_000007_000017,Food & Cooking,tier0_cross,0,"At night, a skier navigates a snowy hill, weaving between flexible poles in a slalom course. The skier moves swiftly, alternating left and right, purposefully making contact with each pole as they descend the slope.",anthropic,claude-haiku-4-5-20251001,1,0.0,no,,"Cross-category description about skiing, not food/cooking."
0,Q76JRCyTnSc_000007_000017,Food & Cooking,tier0_cross,0,"At night, a skier navigates a snowy hill, weaving between flexible poles in a slalom course. The skier moves swiftly, alternating left and right, purposefully making contact with each pole as they descend the slope.",anthropic,claude-haiku-4-5-20251001,2,0.0,no,,"Cross-category description about skiing, not food/cooking."
0,Q76JRCyTnSc_000007_000017,Food & Cooking,tier1_vatex_short,1,A chef in a kitchen demonstrates his skill throwing a knife,anthropic,claude-haiku-4-5-20251001,0,0.0,no,demonstrates his skill throwing a knife,"Missing tomato, wall target, and knife pinning action details."
0,Q76JRCyTnSc_000007_000017,Food & Cooking,tier1_vatex_short,1,A chef in a kitchen demonstrates his skill throwing a knife,anthropic,claude-haiku-4-5-20251001,1,0.0,no,,No mention of countdown or Spanish language.
0,Q76JRCyTnSc_000007_000017,Food & Cooking,tier1_vatex_short,1,A chef in a kitchen demonstrates his skill throwing a knife,anthropic,claude-haiku-4-5-20251001,2,0.0,no,,No facial expression or emotional response described.
0,Q76JRCyTnSc_000007_000017,Food & Cooking,tier2_vatex_long,2,The man holding the camera is counting backward in spanish as the other man pins a cherry tomato to the wall by throwing a knife.,anthropic,claude-haiku-4-5-20251001,0,0.5,partial,pins a cherry tomato to the wall by throwing a knife,"Has tomato and knife pinning, but unclear sequence and actor roles."
0,Q76JRCyTnSc_000007_000017,Food & Cooking,tier2_vatex_long,2,The man holding the camera is counting backward in spanish as the other man pins a cherry tomato to the wall by throwing a knife.,anthropic,claude-haiku-4-5-20251001,1,1.0,yes,counting backward in spanish,Clearly states Spanish countdown.
0,Q76JRCyTnSc_000007_000017,Food & Cooking,tier2_vatex_long,2,The man holding the camera is counting backward in spanish as the other man pins a cherry tomato to the wall by throwing a knife.,anthropic,claude-haiku-4-5-20251001,2,0.0,no,,No facial expression or emotional response described.
0,Q76JRCyTnSc_000007_000017,Food & Cooking,tier3_va11y,3,"In a bustling kitchen, a chef holds a cherry tomato and counts down in Spanish. With precision, he throws the tomato at a wall, followed by a knife, which pins the tomato in place. The chef smiles, showcasing his skill.",anthropic,claude-haiku-4-5-20251001,0,1.0,yes,"throws the tomato at a wall, followed by a knife, which pins the tomato in place","Complete sequence: cherry tomato, wall target, knife pins it."
0,Q76JRCyTnSc_000007_000017,Food & Cooking,tier3_va11y,3,"In a bustling kitchen, a chef holds a cherry tomato and counts down in Spanish. With precision, he throws the tomato at a wall, followed by a knife, which pins the tomato in place. The chef smiles, showcasing his skill.",anthropic,claude-haiku-4-5-20251001,1,1.0,yes,counts down in Spanish,Clearly identifies Spanish language and countdown action.
0,Q76JRCyTnSc_000007_000017,Food & Cooking,tier3_va11y,3,"In a bustling kitchen, a chef holds a cherry tomato and counts down in Spanish. With precision, he throws the tomato at a wall, followed by a knife, which pins the tomato in place. The chef smiles, showcasing his skill.",anthropic,claude-haiku-4-5-20251001,2,1.0,yes,"The chef smiles, showcasing his skill",Describes smile and skill/confidence after pinning.
1,058y9xGmmTQ_000206_000216,Food & Cooking,tier0_cross,0,"At night, a skier navigates a snowy hill, weaving between flexible poles in a slalom course. The skier moves swiftly, alternating left and right, purposefully making contact with each pole as they descend the slope.",anthropic,claude-haiku-4-5-20251001,0,0.0,no,,"Cross-category description about skiing, not food/cooking."
1,058y9xGmmTQ_000206_000216,Food & Cooking,tier0_cross,0,"At night, a skier navigates a snowy hill, weaving between flexible poles in a slalom course. The skier moves swiftly, alternating left and right, purposefully making contact with each pole as they descend the slope.",anthropic,claude-haiku-4-5-20251001,1,0.0,no,,"Cross-category description about skiing, not food/cooking."
1,058y9xGmmTQ_000206_000216,Food & Cooking,tier0_cross,0,"At night, a skier navigates a snowy hill, weaving between flexible poles in a slalom course. The skier moves swiftly, alternating left and right, purposefully making contact with each pole as they descend the slope.",anthropic,claude-haiku-4-5-20251001,2,0.0,no,,"Cross-category description about skiing, not food/cooking."
1,058y9xGmmTQ_000206_000216,Food & Cooking,tier1_vatex_short,1,A  man eats a lot of burgers and than starts to get sick.,anthropic,claude-haiku-4-5-20251001,0,0.5,partial,eats a lot of burgers and than starts to get sick,"Mentions eating and difficulty but lacks gray hoodie, rapid/quick bites, coughing details."
1,058y9xGmmTQ_000206_000216,Food & Cooking,tier1_vatex_short,1,A  man eats a lot of burgers and than starts to get sick.,anthropic,claude-haiku-4-5-20251001,1,0.0,no,,"No mention of people's reactions, laughing, clapping, or encouragement."
1,058y9xGmmTQ_000206_000216,Food & Cooking,tier1_vatex_short,1,A  man eats a lot of burgers and than starts to get sick.,anthropic,claude-haiku-4-5-20251001,2,0.0,no,,"No mention of tray liner, ketchup, or 'BURGER EATING' text."
1,058y9xGmmTQ_000206_000216,Food & Cooking,tier2_vatex_long,2,"A man is at Burger King, eating a hamburger very fast, and going to take a drink of soda.",anthropic,claude-haiku-4-5-20251001,0,0.5,partial,eating a hamburger very fast,"Mentions fast eating but missing gray hoodie, coughing, struggling details."
1,058y9xGmmTQ_000206_000216,Food & Cooking,tier2_vatex_long,2,"A man is at Burger King, eating a hamburger very fast, and going to take a drink of soda.",anthropic,claude-haiku-4-5-20251001,1,0.0,no,,"No mention of people's reactions, laughing, clapping, or encouragement."
1,058y9xGmmTQ_000206_000216,Food & Cooking,tier2_vatex_long,2,"A man is at Burger King, eating a hamburger very fast, and going to take a drink of soda.",anthropic,claude-haiku-4-5-20251001,2,0.0,no,,"No mention of tray liner, ketchup, or 'BURGER EATING' text."
1,058y9xGmmTQ_000206_000216,Food & Cooking,tier3_va11y,3,"In a Burger King restaurant, a bald man in a gray hoodie is rapidly eating a hamburger. He takes quick bites and washes them down with a drink. As he continues, he appears to struggle slightly, coughing at times. Around him, people are laughing and clapping, encouraging him to finish. Afterward, someone uses ketchup to write 'BURGER EATING' on a tray liner.",anthropic,claude-haiku-4-5-20251001,0,1.0,yes,"bald man in a gray hoodie is rapidly eating a hamburger. He takes quick bites...he appears to struggle slightly, coughing at times.","Covers all required evidence: gray hoodie, rapid eating, quick bites, struggling, coughing."
1,058y9xGmmTQ_000206_000216,Food & Cooking,tier3_va11y,3,"In a Burger King restaurant, a bald man in a gray hoodie is rapidly eating a hamburger. He takes quick bites and washes them down with a drink. As he continues, he appears to struggle slightly, coughing at times. Around him, people are laughing and clapping, encouraging him to finish. Afterward, someone uses ketchup to write 'BURGER EATING' on a tray liner.",anthropic,claude-haiku-4-5-20251001,1,1.0,yes,"people are laughing and clapping, encouraging him to finish.","Directly answers with all required evidence: laughing, clapping, encouraging."
1,058y9xGmmTQ_000206_000216,Food & Cooking,tier3_va11y,3,"In a Burger King restaurant, a bald man in a gray hoodie is rapidly eating a hamburger. He takes quick bites and washes them down with a drink. As he continues, he appears to struggle slightly, coughing at times. Around him, people are laughing and clapping, encouraging him to finish. Afterward, someone uses ketchup to write 'BURGER EATING' on a tray liner.",anthropic,claude-haiku-4-5-20251001,2,1.0,yes,someone uses ketchup to write 'BURGER EATING' on a tray liner.,"Covers all required evidence: ketchup, tray liner, 'BURGER EATING' text, writing."
3,vLGOZvJ_v4Q_000285_000295,Food & Cooking,tier0_cross,0,"At night, a skier navigates a snowy hill, weaving between flexible poles in a slalom course. The skier moves swiftly, alternating left and right, purposefully making contact with each pole as they descend the slope.",anthropic,claude-haiku-4-5-20251001,0,0.0,no,,"Cross-category description about skiing, not cooking."
3,vLGOZvJ_v4Q_000285_000295,Food & Cooking,tier0_cross,0,"At night, a skier navigates a snowy hill, weaving between flexible poles in a slalom course. The skier moves swiftly, alternating left and right, purposefully making contact with each pole as they descend the slope.",anthropic,claude-haiku-4-5-20251001,1,0.0,no,,"Cross-category description about skiing, not cooking."
3,vLGOZvJ_v4Q_000285_000295,Food & Cooking,tier0_cross,0,"At night, a skier navigates a snowy hill, weaving between flexible poles in a slalom course. The skier moves swiftly, alternating left and right, purposefully making contact with each pole as they descend the slope.",anthropic,claude-haiku-4-5-20251001,2,0.0,no,,"Cross-category description about skiing, not cooking."
3,vLGOZvJ_v4Q_000285_000295,Food & Cooking,tier1_vatex_short,1,A man is stirring food in a cast iron skillet with a fork.,anthropic,claude-haiku-4-5-20251001,0,0.0,no,A man is stirring food in a cast iron skillet with a fork.,Missing shirt color; only identifies skillet type.
3,vLGOZvJ_v4Q_000285_000295,Food & Cooking,tier1_vatex_short,1,A man is stirring food in a cast iron skillet with a fork.,anthropic,claude-haiku-4-5-20251001,1,0.0,no,A man is stirring food in a cast iron skillet with a fork.,Does not specify ingredients or identify omelette.
3,vLGOZvJ_v4Q_000285_000295,Food & Cooking,tier1_vatex_short,1,A man is stirring food in a cast iron skillet with a fork.,anthropic,claude-haiku-4-5-20251001,2,0.5,partial,stirring food in a cast iron skillet with a fork,"Identifies fork and stirring, missing pan movement detail."
3,vLGOZvJ_v4Q_000285_000295,Food & Cooking,tier2_vatex_long,2,"A man is holding a frying pan with food over a stove, he pushes the fork around in it.",anthropic,claude-haiku-4-5-20251001,0,0.5,partial,A man is holding a frying pan,Identifies cookware but not shirt color; calls it frying pan not cast iron.
3,vLGOZvJ_v4Q_000285_000295,Food & Cooking,tier2_vatex_long,2,"A man is holding a frying pan with food over a stove, he pushes the fork around in it.",anthropic,claude-haiku-4-5-20251001,1,0.0,no,A man is holding a frying pan with food,Does not specify ingredients or identify omelette.
3,vLGOZvJ_v4Q_000285_000295,Food & Cooking,tier2_vatex_long,2,"A man is holding a frying pan with food over a stove, he pushes the fork around in it.",anthropic,claude-haiku-4-5-20251001,2,0.5,partial,he pushes the fork around in it,"Identifies fork and stirring, missing pan movement detail."
3,vLGOZvJ_v4Q_000285_000295,Food & Cooking,tier3_va11y,3,"A man in a grey shirt stands at a stove, demonstrating how to cook an omelette with spaghetti and eggs in a black cast iron skillet. He stirs the mixture with a fork, moving the pan back and forth to ensure even cooking. The ingredients sizzle as he explains each step of the process.",anthropic,claude-haiku-4-5-20251001,0,1.0,yes,"A man in a grey shirt stands at a stove, demonstrating how to cook an omelette with spaghetti and eggs in a black cast iron skillet.",Clearly identifies grey shirt and black cast iron skillet.
3,vLGOZvJ_v4Q_000285_000295,Food & Cooking,tier3_va11y,3,"A man in a grey shirt stands at a stove, demonstrating how to cook an omelette with spaghetti and eggs in a black cast iron skillet. He stirs the mixture with a fork, moving the pan back and forth to ensure even cooking. The ingredients sizzle as he explains each step of the process.",anthropic,claude-haiku-4-5-20251001,1,1.0,yes,cook an omelette with spaghetti and eggs in a black cast iron skillet,"Specifies all three required elements: spaghetti, eggs, omelette."
3,vLGOZvJ_v4Q_000285_000295,Food & Cooking,tier3_va11y,3,"A man in a grey shirt stands at a stove, demonstrating how to cook an omelette with spaghetti and eggs in a black cast iron skillet. He stirs the mixture with a fork, moving the pan back and forth to ensure even cooking. The ingredients sizzle as he explains each step of the process.",anthropic,claude-haiku-4-5-20251001,2,1.0,yes,"He stirs the mixture with a fork, moving the pan back and forth to ensure even cooking.","Identifies fork, stirring, pan movement, and even cooking technique."
4,B0EKYDSv_yQ_000002_000012,Food & Cooking,tier0_cross,0,"At night, a skier navigates a snowy hill, weaving between flexible poles in a slalom course. The skier moves swiftly, alternating left and right, purposefully making contact with each pole as they descend the slope.",anthropic,claude-haiku-4-5-20251001,0,0.0,no,,"Cross-category description about skiing, not cooking."
4,B0EKYDSv_yQ_000002_000012,Food & Cooking,tier0_cross,0,"At night, a skier navigates a snowy hill, weaving between flexible poles in a slalom course. The skier moves swiftly, alternating left and right, purposefully making contact with each pole as they descend the slope.",anthropic,claude-haiku-4-5-20251001,1,0.0,no,,"Cross-category description about skiing, not cooking."
4,B0EKYDSv_yQ_000002_000012,Food & Cooking,tier0_cross,0,"At night, a skier navigates a snowy hill, weaving between flexible poles in a slalom course. The skier moves swiftly, alternating left and right, purposefully making contact with each pole as they descend the slope.",anthropic,claude-haiku-4-5-20251001,2,0.0,no,,"Cross-category description about skiing, not cooking."
4,B0EKYDSv_yQ_000002_000012,Food & Cooking,tier1_vatex_short,1,A preteen girl is making scrambled eggs on the stove.,anthropic,claude-haiku-4-5-20251001,0,0.5,partial,making scrambled eggs on the stove,Mentions eggs and stove but omits pan type and spatula utensil.
4,B0EKYDSv_yQ_000002_000012,Food & Cooking,tier1_vatex_short,1,A preteen girl is making scrambled eggs on the stove.,anthropic,claude-haiku-4-5-20251001,1,0.0,no,,No information about who eggs are for or dialogue.
4,B0EKYDSv_yQ_000002_000012,Food & Cooking,tier1_vatex_short,1,A preteen girl is making scrambled eggs on the stove.,anthropic,claude-haiku-4-5-20251001,2,0.0,no,,"No kitchen details, demeanor, or girl's expressions described."
4,B0EKYDSv_yQ_000002_000012,Food & Cooking,tier2_vatex_long,2,A young girl is shown cooking eggs in a frying pan and talking about who it's for.,anthropic,claude-haiku-4-5-20251001,0,0.5,partial,cooking eggs in a frying pan,Mentions eggs and pan but omits stirring action and spatula.
4,B0EKYDSv_yQ_000002_000012,Food & Cooking,tier2_vatex_long,2,A young girl is shown cooking eggs in a frying pan and talking about who it's for.,anthropic,claude-haiku-4-5-20251001,1,0.5,partial,talking about who it's for,Acknowledges dialogue about recipient but lacks specific details.
4,B0EKYDSv_yQ_000002_000012,Food & Cooking,tier2_vatex_long,2,A young girl is shown cooking eggs in a frying pan and talking about who it's for.,anthropic,claude-haiku-4-5-20251001,2,0.0,no,,No kitchen setting or girl's demeanor details provided.
4,B0EKYDSv_yQ_000002_000012,Food & Cooking,tier3_va11y,3,"In a cozy kitchen, a young girl stands at the stove, skillfully stirring scrambled eggs in a frying pan with a spatula. She mentions that the eggs are for her and her mother, if her mother wants some. The girl is focused and seems to enjoy the cooking process, occasionally glancing at the camera with a smile. The kitchen is warm and inviting, with a granite countertop and wooden cabinets in the background.",anthropic,claude-haiku-4-5-20251001,0,1.0,yes,stirring scrambled eggs in a frying pan with a spatula,"All required elements present: stirring, eggs, pan, spatula."
4,B0EKYDSv_yQ_000002_000012,Food & Cooking,tier3_va11y,3,"In a cozy kitchen, a young girl stands at the stove, skillfully stirring scrambled eggs in a frying pan with a spatula. She mentions that the eggs are for her and her mother, if her mother wants some. The girl is focused and seems to enjoy the cooking process, occasionally glancing at the camera with a smile. The kitchen is warm and inviting, with a granite countertop and wooden cabinets in the background.",anthropic,claude-haiku-4-5-20251001,1,1.0,yes,"eggs are for her and her mother, if her mother wants some",Directly answers with conditional offer and both recipients.
4,B0EKYDSv_yQ_000002_000012,Food & Cooking,tier3_va11y,3,"In a cozy kitchen, a young girl stands at the stove, skillfully stirring scrambled eggs in a frying pan with a spatula. She mentions that the eggs are for her and her mother, if her mother wants some. The girl is focused and seems to enjoy the cooking process, occasionally glancing at the camera with a smile. The kitchen is warm and inviting, with a granite countertop and wooden cabinets in the background.",anthropic,claude-haiku-4-5-20251001,2,1.0,yes,"cozy kitchen, granite countertop and wooden cabinets, focused and seems to enjoy, occasionally glancing at the camera with a smile","All required details: setting, materials, demeanor, and expressions."
5,PbGvLf7HvXQ_000063_000073,Food & Cooking,tier0_cross,0,"At night, a skier navigates a snowy hill, weaving between flexible poles in a slalom course. The skier moves swiftly, alternating left and right, purposefully making contact with each pole as they descend the slope.",anthropic,claude-haiku-4-5-20251001,0,0.0,no,,"Cross-category description about skiing, not food preparation."
5,PbGvLf7HvXQ_000063_000073,Food & Cooking,tier0_cross,0,"At night, a skier navigates a snowy hill, weaving between flexible poles in a slalom course. The skier moves swiftly, alternating left and right, purposefully making contact with each pole as they descend the slope.",anthropic,claude-haiku-4-5-20251001,1,0.0,no,,"Cross-category description about skiing, not food preparation."
5,PbGvLf7HvXQ_000063_000073,Food & Cooking,tier0_cross,0,"At night, a skier navigates a snowy hill, weaving between flexible poles in a slalom course. The skier moves swiftly, alternating left and right, purposefully making contact with each pole as they descend the slope.",anthropic,claude-haiku-4-5-20251001,2,0.0,no,,"Cross-category description about skiing, not food preparation."
5,PbGvLf7HvXQ_000063_000073,Food & Cooking,tier1_vatex_short,1,A woman is explaining how to mix spinach in a bowl,anthropic,claude-haiku-4-5-20251001,0,0.0,no,A woman is explaining how to mix spinach in a bowl,"Missing garlic, knife, and dropping action details."
5,PbGvLf7HvXQ_000063_000073,Food & Cooking,tier1_vatex_short,1,A woman is explaining how to mix spinach in a bowl,anthropic,claude-haiku-4-5-20251001,1,0.5,partial,mix spinach in a bowl,Mentions bowl and spinach but lacks 'wooden' and 'large' descriptors.
5,PbGvLf7HvXQ_000063_000073,Food & Cooking,tier1_vatex_short,1,A woman is explaining how to mix spinach in a bowl,anthropic,claude-haiku-4-5-20251001,2,0.5,partial,explaining how to mix spinach,Implies mixing but doesn't explicitly describe hands or combining garlic.
5,PbGvLf7HvXQ_000063_000073,Food & Cooking,tier2_vatex_long,2,"A person drops chopped garlic from a knife into a wooden bowl, on top of spinach, and another person starts mixing the garlic and spinach leaves with their hands.",anthropic,claude-haiku-4-5-20251001,0,1.0,yes,drops chopped garlic from a knife into a wooden bowl,"Clearly identifies garlic, knife, and dropping action."
5,PbGvLf7HvXQ_000063_000073,Food & Cooking,tier2_vatex_long,2,"A person drops chopped garlic from a knife into a wooden bowl, on top of spinach, and another person starts mixing the garlic and spinach leaves with their hands.",anthropic,claude-haiku-4-5-20251001,1,0.5,partial,"wooden bowl, on top of spinach",Mentions wooden bowl and spinach but omits 'large' and 'fresh' descriptors.
5,PbGvLf7HvXQ_000063_000073,Food & Cooking,tier2_vatex_long,2,"A person drops chopped garlic from a knife into a wooden bowl, on top of spinach, and another person starts mixing the garlic and spinach leaves with their hands.",anthropic,claude-haiku-4-5-20251001,2,1.0,yes,another person starts mixing the garlic and spinach leaves with their hands,"Explicitly describes hands, mixing, and combining both ingredients."
5,PbGvLf7HvXQ_000063_000073,Food & Cooking,tier3_va11y,3,"In a kitchen setting, two individuals demonstrate how to prepare a spinach salad. One person drops chopped garlic from a knife into a large wooden bowl filled with fresh spinach leaves. The other person uses their hands to thoroughly mix the garlic and spinach together. The video focuses on the process of combining these ingredients to create a healthy salad.",anthropic,claude-haiku-4-5-20251001,0,1.0,yes,drops chopped garlic from a knife into a large wooden bowl,"Fully answers with garlic, knife, and dropping action."
5,PbGvLf7HvXQ_000063_000073,Food & Cooking,tier3_va11y,3,"In a kitchen setting, two individuals demonstrate how to prepare a spinach salad. One person drops chopped garlic from a knife into a large wooden bowl filled with fresh spinach leaves. The other person uses their hands to thoroughly mix the garlic and spinach together. The video focuses on the process of combining these ingredients to create a healthy salad.",anthropic,claude-haiku-4-5-20251001,1,1.0,yes,large wooden bowl filled with fresh spinach leaves,Completely matches answer key with all required details.
5,PbGvLf7HvXQ_000063_000073,Food & Cooking,tier3_va11y,3,"In a kitchen setting, two individuals demonstrate how to prepare a spinach salad. One person drops chopped garlic from a knife into a large wooden bowl filled with fresh spinach leaves. The other person uses their hands to thoroughly mix the garlic and spinach together. The video focuses on the process of combining these ingredients to create a healthy salad.",anthropic,claude-haiku-4-5-20251001,2,1.0,yes,uses their hands to thoroughly mix the garlic and spinach together,"Explicitly describes hands, mixing action, and combining both ingredients."
6,0HEi6q3bGaw_000011_000021,Travel,tier0_cross,0,"A man in a green shirt and navy shorts walks back and forth along a fence. On the other side, a small deer mirrors his movements, following him closely. The setting appears to be a zoo or animal enclosure, with the man playfully engaging the deer in a game of follow-the-leader.",anthropic,claude-haiku-4-5-20251001,0,0.0,no,,"Cross-category description about a man and deer at a zoo, not snowmobiles or snow."
6,0HEi6q3bGaw_000011_000021,Travel,tier0_cross,0,"A man in a green shirt and navy shorts walks back and forth along a fence. On the other side, a small deer mirrors his movements, following him closely. The setting appears to be a zoo or animal enclosure, with the man playfully engaging the deer in a game of follow-the-leader.",anthropic,claude-haiku-4-5-20251001,1,0.0,no,,Cross-category; describes different scene entirely.
6,0HEi6q3bGaw_000011_000021,Travel,tier0_cross,0,"A man in a green shirt and navy shorts walks back and forth along a fence. On the other side, a small deer mirrors his movements, following him closely. The setting appears to be a zoo or animal enclosure, with the man playfully engaging the deer in a game of follow-the-leader.",anthropic,claude-haiku-4-5-20251001,2,0.0,no,,Cross-category; no snowmobile action described.
6,0HEi6q3bGaw_000011_000021,Travel,tier1_vatex_short,1,a guy is getting off of snow mobile and gets on and rides off.,anthropic,claude-haiku-4-5-20251001,0,0.5,partial,getting off of snow mobile...rides off,Mentions snowmobile but lacks landscape description and second rider detail.
6,0HEi6q3bGaw_000011_000021,Travel,tier1_vatex_short,1,a guy is getting off of snow mobile and gets on and rides off.,anthropic,claude-haiku-4-5-20251001,1,0.0,no,,"No mention of gestures, speaking, helmet, or paused conversation."
6,0HEi6q3bGaw_000011_000021,Travel,tier1_vatex_short,1,a guy is getting off of snow mobile and gets on and rides off.,anthropic,claude-haiku-4-5-20251001,2,0.5,partial,rides off,Mentions riding off but lacks engine revving and track details.
6,0HEi6q3bGaw_000011_000021,Travel,tier2_vatex_long,2,"A person stops on a snowmobile while another person on a snowmobile speaks, then they both start again.",anthropic,claude-haiku-4-5-20251001,0,0.5,partial,"snowy landscape, two people on snowmobiles",Identifies snowmobiles and snowy setting but vague on landscape details.
6,0HEi6q3bGaw_000011_000021,Travel,tier2_vatex_long,2,"A person stops on a snowmobile while another person on a snowmobile speaks, then they both start again.",anthropic,claude-haiku-4-5-20251001,1,0.5,partial,speaks,"Mentions speaking but omits gestures, helmet, and paused state details."
6,0HEi6q3bGaw_000011_000021,Travel,tier2_vatex_long,2,"A person stops on a snowmobile while another person on a snowmobile speaks, then they both start again.",anthropic,claude-haiku-4-5-20251001,2,0.5,partial,they both start again,Implies riding off but lacks engine revving and track details.
6,0HEi6q3bGaw_000011_000021,Travel,tier3_va11y,3,"In a snowy landscape, two people on snowmobiles pause to converse. One rider, wearing a helmet, gestures while speaking. After a brief exchange, they both rev their engines and ride off across the snow-covered terrain, leaving tracks behind them.",anthropic,claude-haiku-4-5-20251001,0,1.0,yes,"snowy landscape, two people on snowmobiles",Clearly identifies snowmobiles and snowy landscape with terrain.
6,0HEi6q3bGaw_000011_000021,Travel,tier3_va11y,3,"In a snowy landscape, two people on snowmobiles pause to converse. One rider, wearing a helmet, gestures while speaking. After a brief exchange, they both rev their engines and ride off across the snow-covered terrain, leaving tracks behind them.",anthropic,claude-haiku-4-5-20251001,1,1.0,yes,"One rider, wearing a helmet, gestures while speaking","Explicitly describes helmet, gestures, speaking, and paused state."
6,0HEi6q3bGaw_000011_000021,Travel,tier3_va11y,3,"In a snowy landscape, two people on snowmobiles pause to converse. One rider, wearing a helmet, gestures while speaking. After a brief exchange, they both rev their engines and ride off across the snow-covered terrain, leaving tracks behind them.",anthropic,claude-haiku-4-5-20251001,2,1.0,yes,"rev their engines and ride off across the snow-covered terrain, leaving tracks","Covers engine revving, riding off, tracks, and snow-covered terrain."
7,09dQut5GJ68_000049_000059,Travel,tier0_cross,0,"A man in a green shirt and navy shorts walks back and forth along a fence. On the other side, a small deer mirrors his movements, following him closely. The setting appears to be a zoo or animal enclosure, with the man playfully engaging the deer in a game of follow-the-leader.",anthropic,claude-haiku-4-5-20251001,0,0.0,no,,"Describes man walking with deer, not riding motorcycle or pulling sled."
7,09dQut5GJ68_000049_000059,Travel,tier0_cross,0,"A man in a green shirt and navy shorts walks back and forth along a fence. On the other side, a small deer mirrors his movements, following him closely. The setting appears to be a zoo or animal enclosure, with the man playfully engaging the deer in a game of follow-the-leader.",anthropic,claude-haiku-4-5-20251001,1,0.0,no,,Cross-category description; no sled or wire mentioned.
7,09dQut5GJ68_000049_000059,Travel,tier0_cross,0,"A man in a green shirt and navy shorts walks back and forth along a fence. On the other side, a small deer mirrors his movements, following him closely. The setting appears to be a zoo or animal enclosure, with the man playfully engaging the deer in a game of follow-the-leader.",anthropic,claude-haiku-4-5-20251001,2,0.0,no,,Cross-category description; no sled mentioned.
7,09dQut5GJ68_000049_000059,Travel,tier1_vatex_short,1,A man on a motorcycle pulls a sleigh in the snow.,anthropic,claude-haiku-4-5-20251001,0,1.0,yes,A man on a motorcycle pulls a sleigh in the snow.,Clearly states man on motorcycle pulling sled/sleigh.
7,09dQut5GJ68_000049_000059,Travel,tier1_vatex_short,1,A man on a motorcycle pulls a sleigh in the snow.,anthropic,claude-haiku-4-5-20251001,1,0.0,no,,Does not mention what connects sled to motorcycle.
7,09dQut5GJ68_000049_000059,Travel,tier1_vatex_short,1,A man on a motorcycle pulls a sleigh in the snow.,anthropic,claude-haiku-4-5-20251001,2,0.0,no,,Does not specify sled color; uses 'sleigh' instead.
7,09dQut5GJ68_000049_000059,Travel,tier2_vatex_long,2,A man on a motorbike is pulling a sled through snow and ice before they grind to a halt.,anthropic,claude-haiku-4-5-20251001,0,1.0,yes,A man on a motorbike is pulling a sled through snow and ice.,Clearly states man on motorbike pulling sled.
7,09dQut5GJ68_000049_000059,Travel,tier2_vatex_long,2,A man on a motorbike is pulling a sled through snow and ice before they grind to a halt.,anthropic,claude-haiku-4-5-20251001,1,0.0,no,,Does not mention what connects sled to motorcycle.
7,09dQut5GJ68_000049_000059,Travel,tier2_vatex_long,2,A man on a motorbike is pulling a sled through snow and ice before they grind to a halt.,anthropic,claude-haiku-4-5-20251001,2,0.0,no,,Does not specify sled color.
7,09dQut5GJ68_000049_000059,Travel,tier3_va11y,3,"In a snowy landscape, a man rides a motorcycle, pulling a blue sled behind him. The sled glides over the snow, connected by a wire. The scene captures the thrill of the ride as the motorcycle moves through the wintry terrain.",anthropic,claude-haiku-4-5-20251001,0,1.0,yes,"A man rides a motorcycle, pulling a blue sled behind him.","Fully answers: man rides motorcycle, pulling blue sled."
7,09dQut5GJ68_000049_000059,Travel,tier3_va11y,3,"In a snowy landscape, a man rides a motorcycle, pulling a blue sled behind him. The sled glides over the snow, connected by a wire. The scene captures the thrill of the ride as the motorcycle moves through the wintry terrain.",anthropic,claude-haiku-4-5-20251001,1,1.0,yes,connected by a wire,Explicitly states wire connects sled to motorcycle.
7,09dQut5GJ68_000049_000059,Travel,tier3_va11y,3,"In a snowy landscape, a man rides a motorcycle, pulling a blue sled behind him. The sled glides over the snow, connected by a wire. The scene captures the thrill of the ride as the motorcycle moves through the wintry terrain.",anthropic,claude-haiku-4-5-20251001,2,1.0,yes,pulling a blue sled,Clearly specifies sled is blue.
8,hOirknJr3os_000001_000011,Travel,tier0_cross,0,"A man in a green shirt and navy shorts walks back and forth along a fence. On the other side, a small deer mirrors his movements, following him closely. The setting appears to be a zoo or animal enclosure, with the man playfully engaging the deer in a game of follow-the-leader.",anthropic,claude-haiku-4-5-20251001,0,0.0,no,,"Cross-category description about deer, not KOA Ranch sign or horses."
8,hOirknJr3os_000001_000011,Travel,tier0_cross,0,"A man in a green shirt and navy shorts walks back and forth along a fence. On the other side, a small deer mirrors his movements, following him closely. The setting appears to be a zoo or animal enclosure, with the man playfully engaging the deer in a game of follow-the-leader.",anthropic,claude-haiku-4-5-20251001,1,0.0,no,,"Describes deer following man, not horses grazing in pasture."
8,hOirknJr3os_000001_000011,Travel,tier0_cross,0,"A man in a green shirt and navy shorts walks back and forth along a fence. On the other side, a small deer mirrors his movements, following him closely. The setting appears to be a zoo or animal enclosure, with the man playfully engaging the deer in a game of follow-the-leader.",anthropic,claude-haiku-4-5-20251001,2,0.0,no,,"Cross-category; describes zoo enclosure, not horse riding on trail."
8,hOirknJr3os_000001_000011,Travel,tier1_vatex_short,1,A group of people are riding horses through the woods.,anthropic,claude-haiku-4-5-20251001,0,0.0,no,,No mention of KOA Ranch sign or horse silhouette.
8,hOirknJr3os_000001_000011,Travel,tier1_vatex_short,1,A group of people are riding horses through the woods.,anthropic,claude-haiku-4-5-20251001,1,0.0,no,,No mention of horses grazing or pasture scene.
8,hOirknJr3os_000001_000011,Travel,tier1_vatex_short,1,A group of people are riding horses through the woods.,anthropic,claude-haiku-4-5-20251001,2,1.0,yes,people are riding horses through the woods,Clearly describes people riding horses on wooded trail.
8,hOirknJr3os_000001_000011,Travel,tier2_vatex_long,2,"A horse ranch sign is shown, then horses grazing, and after this people riding horses through woods are seen as music plays.",anthropic,claude-haiku-4-5-20251001,0,0.5,partial,A horse ranch sign is shown,Mentions sign but lacks detail about horse silhouette specifically.
8,hOirknJr3os_000001_000011,Travel,tier2_vatex_long,2,"A horse ranch sign is shown, then horses grazing, and after this people riding horses through woods are seen as music plays.",anthropic,claude-haiku-4-5-20251001,1,0.5,partial,horses grazing,Mentions grazing but omits sunlit pasture and peaceful context.
8,hOirknJr3os_000001_000011,Travel,tier2_vatex_long,2,"A horse ranch sign is shown, then horses grazing, and after this people riding horses through woods are seen as music plays.",anthropic,claude-haiku-4-5-20251001,2,1.0,yes,people riding horses through woods,Clearly describes people riding horses on wooded trail.
8,hOirknJr3os_000001_000011,Travel,tier3_va11y,3,"The video begins with a sign for KOA Ranch, featuring a silhouette of a horse. Horses graze peacefully in a sunlit pasture. The scene shifts to a group of people riding horses along a wooded trail, accompanied by a song about camping. This advertisement highlights the scenic beauty and horse riding experiences offered at KOA campgrounds.",anthropic,claude-haiku-4-5-20251001,0,1.0,yes,"KOA Ranch, featuring a silhouette of a horse",Explicitly identifies sign and horse silhouette.
8,hOirknJr3os_000001_000011,Travel,tier3_va11y,3,"The video begins with a sign for KOA Ranch, featuring a silhouette of a horse. Horses graze peacefully in a sunlit pasture. The scene shifts to a group of people riding horses along a wooded trail, accompanied by a song about camping. This advertisement highlights the scenic beauty and horse riding experiences offered at KOA campgrounds.",anthropic,claude-haiku-4-5-20251001,1,1.0,yes,Horses graze peacefully in a sunlit pasture,"Covers all required elements: grazing, sunlit, peaceful."
8,hOirknJr3os_000001_000011,Travel,tier3_va11y,3,"The video begins with a sign for KOA Ranch, featuring a silhouette of a horse. Horses graze peacefully in a sunlit pasture. The scene shifts to a group of people riding horses along a wooded trail, accompanied by a song about camping. This advertisement highlights the scenic beauty and horse riding experiences offered at KOA campgrounds.",anthropic,claude-haiku-4-5-20251001,2,1.0,yes,people riding horses along a wooded trail,Clearly describes people riding horses on wooded trail.
9,TF4q9y0rJoc_000000_000010,Sports,tier0_cross,0,"In a bustling kitchen, a chef holds a cherry tomato and counts down in Spanish. With precision, he throws the tomato at a wall, followed by a knife, which pins the tomato in place. The chef smiles, showcasing his skill.",anthropic,claude-haiku-4-5-20251001,0,0.0,no,,"Cross-category description about kitchen/chef, not skiing."
9,TF4q9y0rJoc_000000_000010,Sports,tier0_cross,0,"In a bustling kitchen, a chef holds a cherry tomato and counts down in Spanish. With precision, he throws the tomato at a wall, followed by a knife, which pins the tomato in place. The chef smiles, showcasing his skill.",anthropic,claude-haiku-4-5-20251001,1,0.0,no,,"Cross-category description about kitchen/chef, not skiing."
9,TF4q9y0rJoc_000000_000010,Sports,tier0_cross,0,"In a bustling kitchen, a chef holds a cherry tomato and counts down in Spanish. With precision, he throws the tomato at a wall, followed by a knife, which pins the tomato in place. The chef smiles, showcasing his skill.",anthropic,claude-haiku-4-5-20251001,2,0.0,no,,"Cross-category description about kitchen/chef, not skiing."
9,TF4q9y0rJoc_000000_000010,Sports,tier1_vatex_short,1,A man is skiing between poles on a snowy hill.,anthropic,claude-haiku-4-5-20251001,0,1.0,yes,A man is skiing between poles on a snowy hill.,"Clearly identifies slalom skiing with skier, poles, snowy hill."
9,TF4q9y0rJoc_000000_000010,Sports,tier1_vatex_short,1,A man is skiing between poles on a snowy hill.,anthropic,claude-haiku-4-5-20251001,1,0.5,partial,skiing between poles,"Mentions poles and skiing but lacks weaving, alternating, descending details."
9,TF4q9y0rJoc_000000_000010,Sports,tier1_vatex_short,1,A man is skiing between poles on a snowy hill.,anthropic,claude-haiku-4-5-20251001,2,0.0,no,,No mention of time of day or night conditions.
9,TF4q9y0rJoc_000000_000010,Sports,tier2_vatex_long,2,Someone is skiing at night around several poles in an alternating left then right pattern.,anthropic,claude-haiku-4-5-20251001,0,1.0,yes,skiing...around several poles,Identifies slalom skiing with poles and snowy context implied.
9,TF4q9y0rJoc_000000_000010,Sports,tier2_vatex_long,2,Someone is skiing at night around several poles in an alternating left then right pattern.,anthropic,claude-haiku-4-5-20251001,1,1.0,yes,alternating left then right pattern,Describes weaving and alternating left/right movement clearly.
9,TF4q9y0rJoc_000000_000010,Sports,tier2_vatex_long,2,Someone is skiing at night around several poles in an alternating left then right pattern.,anthropic,claude-haiku-4-5-20251001,2,1.0,yes,skiing at night,Explicitly states night conditions.
9,TF4q9y0rJoc_000000_000010,Sports,tier3_va11y,3,"At night, a skier navigates a snowy hill, weaving between flexible poles in a slalom course. The skier moves swiftly, alternating left and right, purposefully making contact with each pole as they descend the slope.",anthropic,claude-haiku-4-5-20251001,0,1.0,yes,weaving between flexible poles in a slalom course,Explicitly identifies slalom with all required visual evidence.
9,TF4q9y0rJoc_000000_000010,Sports,tier3_va11y,3,"At night, a skier navigates a snowy hill, weaving between flexible poles in a slalom course. The skier moves swiftly, alternating left and right, purposefully making contact with each pole as they descend the slope.",anthropic,claude-haiku-4-5-20251001,1,1.0,yes,weaving between flexible poles...alternating left and right...descend the slope,"Comprehensively describes weaving, alternating, descending with poles."
9,TF4q9y0rJoc_000000_000010,Sports,tier3_va11y,3,"At night, a skier navigates a snowy hill, weaving between flexible poles in a slalom course. The skier moves swiftly, alternating left and right, purposefully making contact with each pole as they descend the slope.",anthropic,claude-haiku-4-5-20251001,2,1.0,yes,At night,Explicitly states night conditions at start.
11,z8Q-s8AthrA_000002_000012,Sports,tier0_cross,0,"In a bustling kitchen, a chef holds a cherry tomato and counts down in Spanish. With precision, he throws the tomato at a wall, followed by a knife, which pins the tomato in place. The chef smiles, showcasing his skill.",anthropic,claude-haiku-4-5-20251001,0,0.0,no,,"Cross-category description about kitchen/chef, not sports."
11,z8Q-s8AthrA_000002_000012,Sports,tier0_cross,0,"In a bustling kitchen, a chef holds a cherry tomato and counts down in Spanish. With precision, he throws the tomato at a wall, followed by a knife, which pins the tomato in place. The chef smiles, showcasing his skill.",anthropic,claude-haiku-4-5-20251001,1,0.0,no,,"Cross-category description about kitchen/chef, not sports."
11,z8Q-s8AthrA_000002_000012,Sports,tier0_cross,0,"In a bustling kitchen, a chef holds a cherry tomato and counts down in Spanish. With precision, he throws the tomato at a wall, followed by a knife, which pins the tomato in place. The chef smiles, showcasing his skill.",anthropic,claude-haiku-4-5-20251001,2,0.0,no,,"Cross-category description about kitchen/chef, not sports."
11,z8Q-s8AthrA_000002_000012,Sports,tier1_vatex_short,1,A girl performs the high jump at a track meet.,anthropic,claude-haiku-4-5-20251001,0,0.0,no,,No clothing color or type mentioned.
11,z8Q-s8AthrA_000002_000012,Sports,tier1_vatex_short,1,A girl performs the high jump at a track meet.,anthropic,claude-haiku-4-5-20251001,1,0.5,partial,performs the high jump,"Only mentions high jump, missing hurdles/running activity."
11,z8Q-s8AthrA_000002_000012,Sports,tier1_vatex_short,1,A girl performs the high jump at a track meet.,anthropic,claude-haiku-4-5-20251001,2,0.0,no,,No mention of speaking or background children.
11,z8Q-s8AthrA_000002_000012,Sports,tier2_vatex_long,2,"A child jumps over a hurdle on a track, and a child is talking while other kids are playing in the background followed by a child running and and doing a high jump.",anthropic,claude-haiku-4-5-20251001,0,0.0,no,,No clothing colors or types mentioned.
11,z8Q-s8AthrA_000002_000012,Sports,tier2_vatex_long,2,"A child jumps over a hurdle on a track, and a child is talking while other kids are playing in the background followed by a child running and and doing a high jump.",anthropic,claude-haiku-4-5-20251001,1,1.0,yes,jumps over a hurdle...running and...doing a high jump,Mentions both hurdles and high jump activities.
11,z8Q-s8AthrA_000002_000012,Sports,tier2_vatex_long,2,"A child jumps over a hurdle on a track, and a child is talking while other kids are playing in the background followed by a child running and and doing a high jump.",anthropic,claude-haiku-4-5-20251001,2,0.5,partial,child is talking while other kids are playing,Mentions talking and background children but lacks 'confidently' and track location detail.
11,z8Q-s8AthrA_000002_000012,Sports,tier3_va11y,3,"A young girl in a yellow shirt and black pants participates in a track and field event. She energetically runs and leaps over hurdles on a track. Later, she stands on the track, speaking confidently about her experience while other children play in the background. The scene shifts to her performing a high jump, landing on a cushioned surface. The video captures her enthusiasm and skill in the sport.",anthropic,claude-haiku-4-5-20251001,0,1.0,yes,yellow shirt and black pants,Explicitly states both required clothing items.
11,z8Q-s8AthrA_000002_000012,Sports,tier3_va11y,3,"A young girl in a yellow shirt and black pants participates in a track and field event. She energetically runs and leaps over hurdles on a track. Later, she stands on the track, speaking confidently about her experience while other children play in the background. The scene shifts to her performing a high jump, landing on a cushioned surface. The video captures her enthusiasm and skill in the sport.",anthropic,claude-haiku-4-5-20251001,1,1.0,yes,"runs and leaps over hurdles...performing a high jump, landing on a cushioned surface","Covers all required evidence: hurdles, running, high jump, cushioned surface."
11,z8Q-s8AthrA_000002_000012,Sports,tier3_va11y,3,"A young girl in a yellow shirt and black pants participates in a track and field event. She energetically runs and leaps over hurdles on a track. Later, she stands on the track, speaking confidently about her experience while other children play in the background. The scene shifts to her performing a high jump, landing on a cushioned surface. The video captures her enthusiasm and skill in the sport.",anthropic,claude-haiku-4-5-20251001,2,1.0,yes,"stands on the track, speaking confidently about her experience while other children play in the background","Includes all required details: standing, speaking confidently, background children."
12,abaLFY_GI8k_000295_000305,Sports,tier0_cross,0,"In a bustling kitchen, a chef holds a cherry tomato and counts down in Spanish. With precision, he throws the tomato at a wall, followed by a knife, which pins the tomato in place. The chef smiles, showcasing his skill.",anthropic,claude-haiku-4-5-20251001,0,0.0,no,,"Cross-category description about kitchen/chef, not volleyball."
12,abaLFY_GI8k_000295_000305,Sports,tier0_cross,0,"In a bustling kitchen, a chef holds a cherry tomato and counts down in Spanish. With precision, he throws the tomato at a wall, followed by a knife, which pins the tomato in place. The chef smiles, showcasing his skill.",anthropic,claude-haiku-4-5-20251001,1,0.0,no,,"Cross-category description about kitchen/chef, not volleyball."
12,abaLFY_GI8k_000295_000305,Sports,tier0_cross,0,"In a bustling kitchen, a chef holds a cherry tomato and counts down in Spanish. With precision, he throws the tomato at a wall, followed by a knife, which pins the tomato in place. The chef smiles, showcasing his skill.",anthropic,claude-haiku-4-5-20251001,2,0.0,no,,"Cross-category description about kitchen/chef, not volleyball."
12,abaLFY_GI8k_000295_000305,Sports,tier1_vatex_short,1,Some boys talking in a foreign language are playing Volley Ball.,anthropic,claude-haiku-4-5-20251001,0,0.5,partial,playing Volley Ball,Identifies sport but omits outdoor dirt court location.
12,abaLFY_GI8k_000295_000305,Sports,tier1_vatex_short,1,Some boys talking in a foreign language are playing Volley Ball.,anthropic,claude-haiku-4-5-20251001,1,0.0,no,,"No description of serve, spike, jump, or net actions."
12,abaLFY_GI8k_000295_000305,Sports,tier1_vatex_short,1,Some boys talking in a foreign language are playing Volley Ball.,anthropic,claude-haiku-4-5-20251001,2,0.0,no,,"No information on net condition, casualness, or energy."
12,abaLFY_GI8k_000295_000305,Sports,tier2_vatex_long,2,A man runs to the back of a volleyball field bouncing the ball before he plays a game of volleyball.,anthropic,claude-haiku-4-5-20251001,0,0.5,partial,volleyball field,Identifies volleyball but lacks outdoor dirt court specificity.
12,abaLFY_GI8k_000295_000305,Sports,tier2_vatex_long,2,A man runs to the back of a volleyball field bouncing the ball before he plays a game of volleyball.,anthropic,claude-haiku-4-5-20251001,1,0.0,no,,"Describes bouncing ball, not serve/spike/jump actions required."
12,abaLFY_GI8k_000295_000305,Sports,tier2_vatex_long,2,A man runs to the back of a volleyball field bouncing the ball before he plays a game of volleyball.,anthropic,claude-haiku-4-5-20251001,2,0.0,no,,No information on net condition or game tone.
12,abaLFY_GI8k_000295_000305,Sports,tier3_va11y,3,"A group of boys is playing volleyball on an outdoor dirt court. The net is slightly broken, and the setting is casual. One boy serves the ball, and another jumps to spike it over the net. The players are wearing shorts and are engaged in the game, communicating in a foreign language. The scene is lively, with the boys moving energetically across the court.",anthropic,claude-haiku-4-5-20251001,0,1.0,yes,playing volleyball on an outdoor dirt court,Clearly states sport and location with all required details.
12,abaLFY_GI8k_000295_000305,Sports,tier3_va11y,3,"A group of boys is playing volleyball on an outdoor dirt court. The net is slightly broken, and the setting is casual. One boy serves the ball, and another jumps to spike it over the net. The players are wearing shorts and are engaged in the game, communicating in a foreign language. The scene is lively, with the boys moving energetically across the court.",anthropic,claude-haiku-4-5-20251001,1,1.0,yes,"One boy serves the ball, and another jumps to spike it over the net",Describes both actions with all required visual evidence.
12,abaLFY_GI8k_000295_000305,Sports,tier3_va11y,3,"A group of boys is playing volleyball on an outdoor dirt court. The net is slightly broken, and the setting is casual. One boy serves the ball, and another jumps to spike it over the net. The players are wearing shorts and are engaged in the game, communicating in a foreign language. The scene is lively, with the boys moving energetically across the court.",anthropic,claude-haiku-4-5-20251001,2,1.0,yes,"The net is slightly broken, and the setting is casual. The scene is lively, with the boys moving energetically","Covers net condition, casual tone, and energetic play."
13,KFcH6BYZWhc_000011_000021,Sports,tier0_cross,0,"In a bustling kitchen, a chef holds a cherry tomato and counts down in Spanish. With precision, he throws the tomato at a wall, followed by a knife, which pins the tomato in place. The chef smiles, showcasing his skill.",anthropic,claude-haiku-4-5-20251001,0,0.0,no,"In a bustling kitchen, a chef holds a cherry tomato","Cross-category description about kitchen, not hockey or ice rink."
13,KFcH6BYZWhc_000011_000021,Sports,tier0_cross,0,"In a bustling kitchen, a chef holds a cherry tomato and counts down in Spanish. With precision, he throws the tomato at a wall, followed by a knife, which pins the tomato in place. The chef smiles, showcasing his skill.",anthropic,claude-haiku-4-5-20251001,1,0.0,no,he throws the tomato at a wall,"Describes tomato throwing, not hockey puck control."
13,KFcH6BYZWhc_000011_000021,Sports,tier0_cross,0,"In a bustling kitchen, a chef holds a cherry tomato and counts down in Spanish. With precision, he throws the tomato at a wall, followed by a knife, which pins the tomato in place. The chef smiles, showcasing his skill.",anthropic,claude-haiku-4-5-20251001,2,0.0,no,"followed by a knife, which pins the tomato",Cross-category; no hockey drills or passing described.
13,KFcH6BYZWhc_000011_000021,Sports,tier1_vatex_short,1,A group of hockey players practices their skills on a hockey rink.,anthropic,claude-haiku-4-5-20251001,0,0.5,partial,hockey players practices their skills on a hockey rink,Identifies hockey and rink but omits 'indoor' and lacks specificity.
13,KFcH6BYZWhc_000011_000021,Sports,tier1_vatex_short,1,A group of hockey players practices their skills on a hockey rink.,anthropic,claude-haiku-4-5-20251001,1,0.0,no,A group of hockey players practices their skills,No description of individual player actions or puck control.
13,KFcH6BYZWhc_000011_000021,Sports,tier1_vatex_short,1,A group of hockey players practices their skills on a hockey rink.,anthropic,claude-haiku-4-5-20251001,2,0.0,no,practices their skills on a hockey rink,No mention of passing drills or back-and-forth puck movement.
13,KFcH6BYZWhc_000011_000021,Sports,tier2_vatex_long,2,A group of hockey players are on the rink at mid court while another hockey player is skating around with the puck and attempts to score a goal.,anthropic,claude-haiku-4-5-20251001,0,0.5,partial,hockey players practices their skills on a hockey rink,Identifies hockey and rink but omits 'indoor' designation.
13,KFcH6BYZWhc_000011_000021,Sports,tier2_vatex_long,2,A group of hockey players are on the rink at mid court while another hockey player is skating around with the puck and attempts to score a goal.,anthropic,claude-haiku-4-5-20251001,1,0.5,partial,another hockey player is skating around with the puck,Describes skating with puck but lacks 'swiftly' and 'precision' details.
13,KFcH6BYZWhc_000011_000021,Sports,tier2_vatex_long,2,A group of hockey players are on the rink at mid court while another hockey player is skating around with the puck and attempts to score a goal.,anthropic,claude-haiku-4-5-20251001,2,0.0,no,attempts to score a goal,No description of passing drills or back-and-forth puck movement.
13,KFcH6BYZWhc_000011_000021,Sports,tier3_va11y,3,"In an indoor ice rink, a group of young hockey players practice their skills. One player skates swiftly across the ice, controlling the puck with precision. Nearby, other players engage in drills, passing the puck back and forth. The scene is lively, with players focused on improving their techniques and aiming to score goals. The rink is bustling with activity as the team hones their hockey abilities.",anthropic,claude-haiku-4-5-20251001,0,1.0,yes,"In an indoor ice rink, a group of young hockey players practice","Clearly states hockey, indoor, and ice rink with all required elements."
13,KFcH6BYZWhc_000011_000021,Sports,tier3_va11y,3,"In an indoor ice rink, a group of young hockey players practice their skills. One player skates swiftly across the ice, controlling the puck with precision. Nearby, other players engage in drills, passing the puck back and forth. The scene is lively, with players focused on improving their techniques and aiming to score goals. The rink is bustling with activity as the team hones their hockey abilities.",anthropic,claude-haiku-4-5-20251001,1,1.0,yes,"One player skates swiftly across the ice, controlling the puck with precision",Directly matches answer key with all required visual evidence.
13,KFcH6BYZWhc_000011_000021,Sports,tier3_va11y,3,"In an indoor ice rink, a group of young hockey players practice their skills. One player skates swiftly across the ice, controlling the puck with precision. Nearby, other players engage in drills, passing the puck back and forth. The scene is lively, with players focused on improving their techniques and aiming to score goals. The rink is bustling with activity as the team hones their hockey abilities.",anthropic,claude-haiku-4-5-20251001,2,1.0,yes,"other players engage in drills, passing the puck back and forth",Fully describes passing drills with back-and-forth movement.
14,UDD6YcChywc_000000_000010,Sports,tier0_cross,0,"In a bustling kitchen, a chef holds a cherry tomato and counts down in Spanish. With precision, he throws the tomato at a wall, followed by a knife, which pins the tomato in place. The chef smiles, showcasing his skill.",anthropic,claude-haiku-4-5-20251001,0,0.0,no,,"Cross-category description about kitchen/chef, not curling."
14,UDD6YcChywc_000000_000010,Sports,tier0_cross,0,"In a bustling kitchen, a chef holds a cherry tomato and counts down in Spanish. With precision, he throws the tomato at a wall, followed by a knife, which pins the tomato in place. The chef smiles, showcasing his skill.",anthropic,claude-haiku-4-5-20251001,1,0.0,no,,"Cross-category description about kitchen/chef, not curling."
14,UDD6YcChywc_000000_000010,Sports,tier0_cross,0,"In a bustling kitchen, a chef holds a cherry tomato and counts down in Spanish. With precision, he throws the tomato at a wall, followed by a knife, which pins the tomato in place. The chef smiles, showcasing his skill.",anthropic,claude-haiku-4-5-20251001,2,0.0,no,,"Cross-category description about kitchen/chef, not curling."
14,UDD6YcChywc_000000_000010,Sports,tier1_vatex_short,1,A man walks on the ice pushing a curling block and then falls down.,anthropic,claude-haiku-4-5-20251001,0,0.5,partial,man walks on the ice pushing a curling block,"Identifies curling and stone, but says 'walks' not 'slides'."
14,UDD6YcChywc_000000_000010,Sports,tier1_vatex_short,1,A man walks on the ice pushing a curling block and then falls down.,anthropic,claude-haiku-4-5-20251001,1,1.0,yes,falls down,"Clearly states he falls, though minimal detail."
14,UDD6YcChywc_000000_000010,Sports,tier1_vatex_short,1,A man walks on the ice pushing a curling block and then falls down.,anthropic,claude-haiku-4-5-20251001,2,0.0,no,,No mention of onlookers' reactions or concern.
14,UDD6YcChywc_000000_000010,Sports,tier2_vatex_long,2,"A man is playing the sport curling, is pushing the object across the ice, the slips and falls, whilst other people stand around and clap and react.",anthropic,claude-haiku-4-5-20251001,0,0.5,partial,"playing the sport curling, is pushing the object across the ice","Identifies curling and object, but 'pushing' not 'slides'."
14,UDD6YcChywc_000000_000010,Sports,tier2_vatex_long,2,"A man is playing the sport curling, is pushing the object across the ice, the slips and falls, whilst other people stand around and clap and react.",anthropic,claude-haiku-4-5-20251001,1,0.5,partial,slips and falls,"States fall but says 'slips', missing 'loses balance' detail."
14,UDD6YcChywc_000000_000010,Sports,tier2_vatex_long,2,"A man is playing the sport curling, is pushing the object across the ice, the slips and falls, whilst other people stand around and clap and react.",anthropic,claude-haiku-4-5-20251001,2,0.5,partial,clap and react,"Mentions reaction but lacks laughter, concern, and checking details."
14,UDD6YcChywc_000000_000010,Sports,tier3_va11y,3,"In an indoor curling rink, a man skillfully slides a curling stone down the ice. As he releases the stone, he loses his balance and falls onto the ice. A small group of onlookers reacts with laughter and concern, checking to see if he is okay.",anthropic,claude-haiku-4-5-20251001,0,1.0,yes,slides a curling stone down the ice,"Clearly identifies curling, stone, and sliding action."
14,UDD6YcChywc_000000_000010,Sports,tier3_va11y,3,"In an indoor curling rink, a man skillfully slides a curling stone down the ice. As he releases the stone, he loses his balance and falls onto the ice. A small group of onlookers reacts with laughter and concern, checking to see if he is okay.",anthropic,claude-haiku-4-5-20251001,1,1.0,yes,loses his balance and falls onto the ice,Directly matches answer key with all required elements.
14,UDD6YcChywc_000000_000010,Sports,tier3_va11y,3,"In an indoor curling rink, a man skillfully slides a curling stone down the ice. As he releases the stone, he loses his balance and falls onto the ice. A small group of onlookers reacts with laughter and concern, checking to see if he is okay.",anthropic,claude-haiku-4-5-20251001,2,1.0,yes,"laughter and concern, checking to see if he is okay","Fully captures laughter, concern, and checking behavior."
15,OGWuj_FtaQc_000010_000020,Pets & Animals,tier0_cross,0,"In a snowy landscape, two people on snowmobiles pause to converse. One rider, wearing a helmet, gestures while speaking. After a brief exchange, they both rev their engines and ride off across the snow-covered terrain, leaving tracks behind them.",anthropic,claude-haiku-4-5-20251001,0,0.0,no,,"Cross-category description about snowmobiles, not relevant."
15,OGWuj_FtaQc_000010_000020,Pets & Animals,tier0_cross,0,"In a snowy landscape, two people on snowmobiles pause to converse. One rider, wearing a helmet, gestures while speaking. After a brief exchange, they both rev their engines and ride off across the snow-covered terrain, leaving tracks behind them.",anthropic,claude-haiku-4-5-20251001,1,0.0,no,,"Cross-category description about snowmobiles, not relevant."
15,OGWuj_FtaQc_000010_000020,Pets & Animals,tier0_cross,0,"In a snowy landscape, two people on snowmobiles pause to converse. One rider, wearing a helmet, gestures while speaking. After a brief exchange, they both rev their engines and ride off across the snow-covered terrain, leaving tracks behind them.",anthropic,claude-haiku-4-5-20251001,2,0.0,no,,"Cross-category description about snowmobiles, not relevant."
15,OGWuj_FtaQc_000010_000020,Pets & Animals,tier1_vatex_short,1,A guy has a small deer follow him alongside a fence.,anthropic,claude-haiku-4-5-20251001,0,0.0,no,A guy has a small deer follow him alongside a fence.,Missing clothing details and walking action description.
15,OGWuj_FtaQc_000010_000020,Pets & Animals,tier1_vatex_short,1,A guy has a small deer follow him alongside a fence.,anthropic,claude-haiku-4-5-20251001,1,0.5,partial,A guy has a small deer follow him alongside a fence.,"Mentions deer and following, but vague on mirroring movements."
15,OGWuj_FtaQc_000010_000020,Pets & Animals,tier1_vatex_short,1,A guy has a small deer follow him alongside a fence.,anthropic,claude-haiku-4-5-20251001,2,0.0,no,,No mention of playful engagement or follow-the-leader game.
15,OGWuj_FtaQc_000010_000020,Pets & Animals,tier2_vatex_long,2,A guy with green top and navy bottom is playing with a deer which fenced up to other side of the fence,anthropic,claude-haiku-4-5-20251001,0,0.5,partial,A guy with green top and navy bottom is playing with a deer,"Has clothing and activity, but lacks walking back-and-forth detail."
15,OGWuj_FtaQc_000010_000020,Pets & Animals,tier2_vatex_long,2,A guy with green top and navy bottom is playing with a deer which fenced up to other side of the fence,anthropic,claude-haiku-4-5-20251001,1,0.5,partial,a deer which fenced up to other side of the fence,"Mentions deer and fence side, but grammar unclear; missing mirror/follow details."
15,OGWuj_FtaQc_000010_000020,Pets & Animals,tier2_vatex_long,2,A guy with green top and navy bottom is playing with a deer which fenced up to other side of the fence,anthropic,claude-haiku-4-5-20251001,2,0.5,partial,playing with a deer,Mentions playing but lacks follow-the-leader game specificity.
15,OGWuj_FtaQc_000010_000020,Pets & Animals,tier3_va11y,3,"A man in a green shirt and navy shorts walks back and forth along a fence. On the other side, a small deer mirrors his movements, following him closely. The setting appears to be a zoo or animal enclosure, with the man playfully engaging the deer in a game of follow-the-leader.",anthropic,claude-haiku-4-5-20251001,0,1.0,yes,A man in a green shirt and navy shorts walks back and forth along a fence.,"All required details present: clothing, action, fence."
15,OGWuj_FtaQc_000010_000020,Pets & Animals,tier3_va11y,3,"A man in a green shirt and navy shorts walks back and forth along a fence. On the other side, a small deer mirrors his movements, following him closely. The setting appears to be a zoo or animal enclosure, with the man playfully engaging the deer in a game of follow-the-leader.",anthropic,claude-haiku-4-5-20251001,1,1.0,yes,"On the other side, a small deer mirrors his movements, following him closely.","All required details: small deer, other side, mirrors, follows."
15,OGWuj_FtaQc_000010_000020,Pets & Animals,tier3_va11y,3,"A man in a green shirt and navy shorts walks back and forth along a fence. On the other side, a small deer mirrors his movements, following him closely. The setting appears to be a zoo or animal enclosure, with the man playfully engaging the deer in a game of follow-the-leader.",anthropic,claude-haiku-4-5-20251001,2,1.0,yes,playfully engaging the deer in a game of follow-the-leader.,Explicitly describes playful engagement and follow-the-leader game.
16,kOf-vl-GmVI_000115_000125,Pets & Animals,tier0_cross,0,"In a snowy landscape, two people on snowmobiles pause to converse. One rider, wearing a helmet, gestures while speaking. After a brief exchange, they both rev their engines and ride off across the snow-covered terrain, leaving tracks behind them.",anthropic,claude-haiku-4-5-20251001,0,0.0,no,,"Cross-category description about snowmobiles, not woman with cap."
16,kOf-vl-GmVI_000115_000125,Pets & Animals,tier0_cross,0,"In a snowy landscape, two people on snowmobiles pause to converse. One rider, wearing a helmet, gestures while speaking. After a brief exchange, they both rev their engines and ride off across the snow-covered terrain, leaving tracks behind them.",anthropic,claude-haiku-4-5-20251001,1,0.0,no,,Cross-category description; no horse interaction described.
16,kOf-vl-GmVI_000115_000125,Pets & Animals,tier0_cross,0,"In a snowy landscape, two people on snowmobiles pause to converse. One rider, wearing a helmet, gestures while speaking. After a brief exchange, they both rev their engines and ride off across the snow-covered terrain, leaving tracks behind them.",anthropic,claude-haiku-4-5-20251001,2,0.0,no,,Cross-category; snowy landscape contradicts paddock/stable setting.
16,kOf-vl-GmVI_000115_000125,Pets & Animals,tier1_vatex_short,1,A woman slowly rides on a horse as pop music plays.,anthropic,claude-haiku-4-5-20251001,0,0.0,no,,No mention of woman's headwear or color.
16,kOf-vl-GmVI_000115_000125,Pets & Animals,tier1_vatex_short,1,A woman slowly rides on a horse as pop music plays.,anthropic,claude-haiku-4-5-20251001,1,0.0,no,,No action with horse described; only riding mentioned.
16,kOf-vl-GmVI_000115_000125,Pets & Animals,tier1_vatex_short,1,A woman slowly rides on a horse as pop music plays.,anthropic,claude-haiku-4-5-20251001,2,0.0,no,,No setting details provided; only riding and music.
16,kOf-vl-GmVI_000115_000125,Pets & Animals,tier2_vatex_long,2,"A girl is riding a horse in a paddock, and pauses to pat the sideof the horse's head.",anthropic,claude-haiku-4-5-20251001,0,0.0,no,,No mention of cap or headwear color.
16,kOf-vl-GmVI_000115_000125,Pets & Animals,tier2_vatex_long,2,"A girl is riding a horse in a paddock, and pauses to pat the sideof the horse's head.",anthropic,claude-haiku-4-5-20251001,1,0.5,partial,pauses to pat the side of the horse's head,Pats horse's head confirmed but lacks 'gently' descriptor.
16,kOf-vl-GmVI_000115_000125,Pets & Animals,tier2_vatex_long,2,"A girl is riding a horse in a paddock, and pauses to pat the sideof the horse's head.",anthropic,claude-haiku-4-5-20251001,2,0.5,partial,in a paddock,"Mentions paddock but missing stable, outdoors, evening light details."
16,kOf-vl-GmVI_000115_000125,Pets & Animals,tier3_va11y,3,"In a fenced paddock, a woman in a pink cap and casual attire rides a horse. She gently pats the horse's head, guiding it around the corral. The setting is outdoors, near a stable, with the evening light casting a soft glow.",anthropic,claude-haiku-4-5-20251001,0,1.0,yes,a woman in a pink cap,Clearly states pink cap on woman's head.
16,kOf-vl-GmVI_000115_000125,Pets & Animals,tier3_va11y,3,"In a fenced paddock, a woman in a pink cap and casual attire rides a horse. She gently pats the horse's head, guiding it around the corral. The setting is outdoors, near a stable, with the evening light casting a soft glow.",anthropic,claude-haiku-4-5-20251001,1,1.0,yes,She gently pats the horse's head,"All required elements: gently, pats, horse's head."
16,kOf-vl-GmVI_000115_000125,Pets & Animals,tier3_va11y,3,"In a fenced paddock, a woman in a pink cap and casual attire rides a horse. She gently pats the horse's head, guiding it around the corral. The setting is outdoors, near a stable, with the evening light casting a soft glow.",anthropic,claude-haiku-4-5-20251001,2,1.0,yes,"In a fenced paddock...outdoors, near a stable, with the evening light casting a soft glow","All required details present: fenced paddock, outdoors, stable, evening light."
17,gjoZic4WjiQ_000012_000022,Pets & Animals,tier0_cross,0,"In a snowy landscape, two people on snowmobiles pause to converse. One rider, wearing a helmet, gestures while speaking. After a brief exchange, they both rev their engines and ride off across the snow-covered terrain, leaving tracks behind them.",anthropic,claude-haiku-4-5-20251001,0,0.0,no,,"Describes snowmobiles, not girls on snowy hill. Cross-category mismatch."
17,gjoZic4WjiQ_000012_000022,Pets & Animals,tier0_cross,0,"In a snowy landscape, two people on snowmobiles pause to converse. One rider, wearing a helmet, gestures while speaking. After a brief exchange, they both rev their engines and ride off across the snow-covered terrain, leaving tracks behind them.",anthropic,claude-haiku-4-5-20251001,1,0.0,no,,"Describes snowmobiles, not playground with slides. Cross-category mismatch."
17,gjoZic4WjiQ_000012_000022,Pets & Animals,tier0_cross,0,"In a snowy landscape, two people on snowmobiles pause to converse. One rider, wearing a helmet, gestures while speaking. After a brief exchange, they both rev their engines and ride off across the snow-covered terrain, leaving tracks behind them.",anthropic,claude-haiku-4-5-20251001,2,0.0,no,,"Describes snowmobiles, not second girl climbing. Cross-category mismatch."
17,gjoZic4WjiQ_000012_000022,Pets & Animals,tier1_vatex_short,1,A couple of girls are trying to climb up a snowy hill.,anthropic,claude-haiku-4-5-20251001,0,0.0,no,A couple of girls are trying to climb up a snowy hill.,"Missing slip, slide back down, and halfway details. Too vague."
17,gjoZic4WjiQ_000012_000022,Pets & Animals,tier1_vatex_short,1,A couple of girls are trying to climb up a snowy hill.,anthropic,claude-haiku-4-5-20251001,1,0.5,partial,snowy hill,"Mentions snowy hill but omits playground, blue slides, steep, snow-covered details."
17,gjoZic4WjiQ_000012_000022,Pets & Animals,tier1_vatex_short,1,A couple of girls are trying to climb up a snowy hill.,anthropic,claude-haiku-4-5-20251001,2,0.5,partial,A couple of girls are trying to climb,Implies second girl but lacks 'takes her turn' and specific action details.
17,gjoZic4WjiQ_000012_000022,Pets & Animals,tier2_vatex_long,2,"A girl tries to run up a steep icy slope, gets half way, slips and slides all the way down, then a second girlstarts her attempt.",anthropic,claude-haiku-4-5-20251001,0,1.0,yes,"gets half way, slips and slides all the way down","Covers all required elements: slips, slides back down, halfway."
17,gjoZic4WjiQ_000012_000022,Pets & Animals,tier2_vatex_long,2,"A girl tries to run up a steep icy slope, gets half way, slips and slides all the way down, then a second girlstarts her attempt.",anthropic,claude-haiku-4-5-20251001,1,0.5,partial,steep icy slope,Missing playground context and blue slides. Has steep and snow-covered implied.
17,gjoZic4WjiQ_000012_000022,Pets & Animals,tier2_vatex_long,2,"A girl tries to run up a steep icy slope, gets half way, slips and slides all the way down, then a second girlstarts her attempt.",anthropic,claude-haiku-4-5-20251001,2,0.5,partial,a second girl starts her attempt,Identifies second girl and attempt but lacks 'eagerly' and 'takes her turn' phrasing.
17,gjoZic4WjiQ_000012_000022,Pets & Animals,tier3_va11y,3,"In a snowy playground, a girl in a red hat runs up a steep, snow-covered hill between two blue slides. She slips halfway and slides back down, laughing. Another girl, wearing a knitted hat, eagerly takes her turn, attempting to climb the same hill. The scene is filled with laughter and playful attempts as they enjoy the snowy challenge.",anthropic,claude-haiku-4-5-20251001,0,1.0,yes,She slips halfway and slides back down,"Explicitly covers all required elements: slips, slides back down, halfway."
17,gjoZic4WjiQ_000012_000022,Pets & Animals,tier3_va11y,3,"In a snowy playground, a girl in a red hat runs up a steep, snow-covered hill between two blue slides. She slips halfway and slides back down, laughing. Another girl, wearing a knitted hat, eagerly takes her turn, attempting to climb the same hill. The scene is filled with laughter and playful attempts as they enjoy the snowy challenge.",anthropic,claude-haiku-4-5-20251001,1,1.0,yes,"snowy playground, steep, snow-covered hill between two blue slides",Covers all required visual evidence comprehensively.
17,gjoZic4WjiQ_000012_000022,Pets & Animals,tier3_va11y,3,"In a snowy playground, a girl in a red hat runs up a steep, snow-covered hill between two blue slides. She slips halfway and slides back down, laughing. Another girl, wearing a knitted hat, eagerly takes her turn, attempting to climb the same hill. The scene is filled with laughter and playful attempts as they enjoy the snowy challenge.",anthropic,claude-haiku-4-5-20251001,2,1.0,yes,"Another girl eagerly takes her turn, attempting to climb the same hill","Covers all required elements: second girl, takes turn, attempts, same hill."
18,q2ZBVyR1k-U_000021_000031,Pets & Animals,tier0_cross,0,"In a snowy landscape, two people on snowmobiles pause to converse. One rider, wearing a helmet, gestures while speaking. After a brief exchange, they both rev their engines and ride off across the snow-covered terrain, leaving tracks behind them.",anthropic,claude-haiku-4-5-20251001,0,0.0,no,,"Cross-category description about snowmobiles, not beekeeping."
18,q2ZBVyR1k-U_000021_000031,Pets & Animals,tier0_cross,0,"In a snowy landscape, two people on snowmobiles pause to converse. One rider, wearing a helmet, gestures while speaking. After a brief exchange, they both rev their engines and ride off across the snow-covered terrain, leaving tracks behind them.",anthropic,claude-haiku-4-5-20251001,1,0.0,no,,"Cross-category description about snowmobiles, not beekeeping."
18,q2ZBVyR1k-U_000021_000031,Pets & Animals,tier0_cross,0,"In a snowy landscape, two people on snowmobiles pause to converse. One rider, wearing a helmet, gestures while speaking. After a brief exchange, they both rev their engines and ride off across the snow-covered terrain, leaving tracks behind them.",anthropic,claude-haiku-4-5-20251001,2,0.0,no,,"Cross-category description about snowmobiles, not beekeeping."
18,q2ZBVyR1k-U_000021_000031,Pets & Animals,tier1_vatex_short,1,A person drinks water out of a cup next to a bee keeper.,anthropic,claude-haiku-4-5-20251001,0,0.0,no,,No mention of removing hood or revealing face.
18,q2ZBVyR1k-U_000021_000031,Pets & Animals,tier1_vatex_short,1,A person drinks water out of a cup next to a bee keeper.,anthropic,claude-haiku-4-5-20251001,1,0.5,partial,drinks water out of a cup,"Mentions cup and drinking, but no blue canister detail."
18,q2ZBVyR1k-U_000021_000031,Pets & Animals,tier1_vatex_short,1,A person drinks water out of a cup next to a bee keeper.,anthropic,claude-haiku-4-5-20251001,2,0.0,no,,No location or truck information provided.
18,q2ZBVyR1k-U_000021_000031,Pets & Animals,tier2_vatex_long,2,A guy is in a bee suit and another guy is seen drinking from a cup then the other guy removes the bee suits head cover.,anthropic,claude-haiku-4-5-20251001,0,1.0,yes,the other guy removes the bee suits head cover,Clearly states removal of bee suit head cover.
18,q2ZBVyR1k-U_000021_000031,Pets & Animals,tier2_vatex_long,2,A guy is in a bee suit and another guy is seen drinking from a cup then the other guy removes the bee suits head cover.,anthropic,claude-haiku-4-5-20251001,1,0.5,partial,another guy is seen drinking from a cup,"Mentions cup and drinking, but no blue canister detail."
18,q2ZBVyR1k-U_000021_000031,Pets & Animals,tier2_vatex_long,2,A guy is in a bee suit and another guy is seen drinking from a cup then the other guy removes the bee suits head cover.,anthropic,claude-haiku-4-5-20251001,2,0.0,no,,No location or truck information provided.
18,q2ZBVyR1k-U_000021_000031,Pets & Animals,tier3_va11y,3,"In a wooded area, a man in a beekeeper's suit stands in the back of a truck. He removes his protective hood, revealing his face. Nearby, another man, dressed casually, sits holding a large blue canister and drinks from a cup. The scene captures a moment of rest and conversation between the two individuals.",anthropic,claude-haiku-4-5-20251001,0,1.0,yes,"He removes his protective hood, revealing his face.",Directly answers both required elements.
18,q2ZBVyR1k-U_000021_000031,Pets & Animals,tier3_va11y,3,"In a wooded area, a man in a beekeeper's suit stands in the back of a truck. He removes his protective hood, revealing his face. Nearby, another man, dressed casually, sits holding a large blue canister and drinks from a cup. The scene captures a moment of rest and conversation between the two individuals.",anthropic,claude-haiku-4-5-20251001,1,1.0,yes,holding a large blue canister and drinks from a cup,"Includes all required details: canister, color, drinking."
18,q2ZBVyR1k-U_000021_000031,Pets & Animals,tier3_va11y,3,"In a wooded area, a man in a beekeeper's suit stands in the back of a truck. He removes his protective hood, revealing his face. Nearby, another man, dressed casually, sits holding a large blue canister and drinks from a cup. The scene captures a moment of rest and conversation between the two individuals.",anthropic,claude-haiku-4-5-20251001,2,1.0,yes,"In a wooded area, a man in a beekeeper's suit stands in the back of a truck.",Clearly states both location and truck position.
19,qIWQHyOIpEY_000003_000013,Pets & Animals,tier0_cross,0,"In a snowy landscape, two people on snowmobiles pause to converse. One rider, wearing a helmet, gestures while speaking. After a brief exchange, they both rev their engines and ride off across the snow-covered terrain, leaving tracks behind them.",anthropic,claude-haiku-4-5-20251001,0,0.0,no,,"Cross-category description about snowmobiles, not cats."
19,qIWQHyOIpEY_000003_000013,Pets & Animals,tier0_cross,0,"In a snowy landscape, two people on snowmobiles pause to converse. One rider, wearing a helmet, gestures while speaking. After a brief exchange, they both rev their engines and ride off across the snow-covered terrain, leaving tracks behind them.",anthropic,claude-haiku-4-5-20251001,1,0.0,no,,"Cross-category description about snowmobiles, not cats."
19,qIWQHyOIpEY_000003_000013,Pets & Animals,tier0_cross,0,"In a snowy landscape, two people on snowmobiles pause to converse. One rider, wearing a helmet, gestures while speaking. After a brief exchange, they both rev their engines and ride off across the snow-covered terrain, leaving tracks behind them.",anthropic,claude-haiku-4-5-20251001,2,0.0,no,,"Cross-category description about snowmobiles, not cats."
19,qIWQHyOIpEY_000003_000013,Pets & Animals,tier1_vatex_short,1,One cat is lying on the ground as another looks around.,anthropic,claude-haiku-4-5-20251001,0,0.0,no,One cat is lying on the ground as another looks around.,No mention of swatting action or standing over behavior.
19,qIWQHyOIpEY_000003_000013,Pets & Animals,tier1_vatex_short,1,One cat is lying on the ground as another looks around.,anthropic,claude-haiku-4-5-20251001,1,0.5,partial,One cat is lying on the ground as another looks around.,"Identifies lying cat and another cat, but missing orange/black-white colors and third cat."
19,qIWQHyOIpEY_000003_000013,Pets & Animals,tier1_vatex_short,1,One cat is lying on the ground as another looks around.,anthropic,claude-haiku-4-5-20251001,2,0.0,no,,No mention of flooring type or lighting conditions.
19,qIWQHyOIpEY_000003_000013,Pets & Animals,tier2_vatex_long,2,"A man is conversating with a woman, while three cats are relaxing on a hardwood floor, and someone massages one of the cats' head.",anthropic,claude-haiku-4-5-20251001,0,0.0,no,"three cats are relaxing on a hardwood floor, and someone massages one of the cats' head.","Describes massaging, not swatting. No orange/black-white cat identification."
19,qIWQHyOIpEY_000003_000013,Pets & Animals,tier2_vatex_long,2,"A man is conversating with a woman, while three cats are relaxing on a hardwood floor, and someone massages one of the cats' head.",anthropic,claude-haiku-4-5-20251001,1,0.5,partial,three cats are relaxing on a hardwood floor,"Mentions three cats and hardwood floor, but no color identification or specific positions."
19,qIWQHyOIpEY_000003_000013,Pets & Animals,tier2_vatex_long,2,"A man is conversating with a woman, while three cats are relaxing on a hardwood floor, and someone massages one of the cats' head.",anthropic,claude-haiku-4-5-20251001,2,0.5,partial,hardwood floor,Mentions hardwood floor but no lighting description.
19,qIWQHyOIpEY_000003_000013,Pets & Animals,tier3_va11y,3,"In a dimly lit living room, three cats are on a hardwood floor. An orange cat stands over a black and white cat that is lying down, gently swatting at it. Another cat, partially visible, sits nearby. The room is quiet, with soft murmurs in a non-English language in the background.",anthropic,claude-haiku-4-5-20251001,0,1.0,yes,"An orange cat stands over a black and white cat that is lying down, gently swatting at it.","Clearly identifies both cats, standing over position, and swatting action."
19,qIWQHyOIpEY_000003_000013,Pets & Animals,tier3_va11y,3,"In a dimly lit living room, three cats are on a hardwood floor. An orange cat stands over a black and white cat that is lying down, gently swatting at it. Another cat, partially visible, sits nearby. The room is quiet, with soft murmurs in a non-English language in the background.",anthropic,claude-haiku-4-5-20251001,1,1.0,yes,"An orange cat stands over a black and white cat that is lying down... Another cat, partially visible, sits nearby.","All required elements: orange cat standing, black-white cat lying, third cat partially visible sitting."
19,qIWQHyOIpEY_000003_000013,Pets & Animals,tier3_va11y,3,"In a dimly lit living room, three cats are on a hardwood floor. An orange cat stands over a black and white cat that is lying down, gently swatting at it. Another cat, partially visible, sits nearby. The room is quiet, with soft murmurs in a non-English language in the background.",anthropic,claude-haiku-4-5-20251001,2,1.0,yes,In a dimly lit living room... on a hardwood floor.,Clearly identifies both hardwood flooring and dim lighting.
